{
  "!type": "Input_bs4", 
  "align": "", 
  "attributes": "", 
  "autocapitalize": "", 
  "autocomplete": "", 
  "autocorrect": "", 
  "backgroundColor": "", 
  "badge": "", 
  "badgeAppearance": " badge-info", 
  "bottom": "auto", 
  "cached_js": "", 
  "cached_js_script_hash": "d41d8cd98f00b204e9800998ecf8427e", 
  "children": [], 
  "class": "", 
  "color": "", 
  "datalist": "", 
  "disabled": "", 
  "display": "", 
  "expanded_pmp": null, 
  "fontFamily": "", 
  "fontSize": "", 
  "fontStyle": "", 
  "fontWeight": "", 
  "footer": "", 
  "header": "Enter your income", 
  "headerCols": 2, 
  "height": 88, 
  "hidden": "", 
  "icon": "", 
  "iconTitle": "", 
  "id": "inptIncome", 
  "inputType": "text", 
  "inputmode": "", 
  "left": 24, 
  "leftText": "", 
  "mAll": "", 
  "mBottom": "", 
  "mLeft": "", 
  "mRight": "", 
  "mTop": "", 
  "max": "", 
  "maxlength": "", 
  "min": "", 
  "name": "", 
  "onchange": "", 
  "onclick": "", 
  "oncopy": "", 
  "oncut": "", 
  "onfocus": "", 
  "onfocusout": "", 
  "onkeypress": "", 
  "onkeyup": "", 
  "onmousedown": "", 
  "onmousemove": "", 
  "onmouseout": "", 
  "onmouseup": "", 
  "onpaste": "", 
  "onresize": "", 
  "ontouchend": "", 
  "ontouchmove": "", 
  "ontouchstart": "", 
  "pAll": "", 
  "pBottom": "", 
  "pLeft": "", 
  "pRight": "", 
  "pTop": "", 
  "placeholder": "", 
  "popBody": "Body", 
  "popClose": "hover", 
  "popPosition": "", 
  "popStyle": "popover", 
  "popTitle": "Title", 
  "readonly": "", 
  "required": "", 
  "right": "auto", 
  "script": "", 
  "size": "", 
  "size-lg": 4, 
  "spellcheck": "true", 
  "step": "", 
  "style": "", 
  "top": 32, 
  "validation": "", 
  "value": "", 
  "valueCols": 10, 
  "width": 264
}