{
  "!type": "Label_bs4", 
  "appearance": "primary", 
  "backgroundColor": "", 
  "borderRadius": "0", 
  "bottom": "auto", 
  "cached_js": "", 
  "cached_js_script_hash": "d41d8cd98f00b204e9800998ecf8427e", 
  "children": [], 
  "class": "", 
  "color": "", 
  "display": "", 
  "expanded_pmp": null, 
  "fontFamily": "", 
  "fontSize": "", 
  "fontStyle": "", 
  "fontWeight": "", 
  "height": 200, 
  "hidden": "", 
  "id": "lblAnswer", 
  "labelStyle": "text", 
  "left": 32, 
  "mAll": "", 
  "mBottom": "", 
  "mLeft": "", 
  "mRight": "", 
  "mTop": "", 
  "onclick": "", 
  "onmousedown": "", 
  "onmousemove": "", 
  "onmouseout": "", 
  "onmouseup": "", 
  "onresize": "", 
  "ontouchend": "", 
  "ontouchmove": "", 
  "ontouchstart": "", 
  "pAll": "", 
  "pBottom": "", 
  "pLeft": "", 
  "pRight": "", 
  "pTop": "", 
  "right": "auto", 
  "script": "", 
  "style": "", 
  "top": 200, 
  "value": "", 
  "width": 120
}