{
  "!type": "Form", 
  "HTML": null, 
  "attributes": "", 
  "background": "", 
  "backgroundimage": "", 
  "borderColor": "", 
  "borderStyle": "", 
  "borderWidth": "", 
  "cached_js": null, 
  "cached_js_script_hash": null, 
  "children": [
    {
      "!type": "External", 
      "file": [
        "forms", 
        "incomeBracket", 
        "Elements", 
        "lblAnswer.json"
      ]
    }, 
    {
      "!type": "External", 
      "file": [
        "forms", 
        "incomeBracket", 
        "Elements", 
        "btnSubmit.json"
      ]
    }, 
    {
      "!type": "External", 
      "file": [
        "forms", 
        "incomeBracket", 
        "Elements", 
        "btnGoAgain.json"
      ]
    }, 
    {
      "!type": "External", 
      "file": [
        "forms", 
        "incomeBracket", 
        "Elements", 
        "inptIncome.json"
      ]
    }
  ], 
  "class": "", 
  "designHeight": 0, 
  "designWidth": 0, 
  "expanded_pmp": null, 
  "fullScreen": "true", 
  "height": 460, 
  "id": "incomeBracket", 
  "language": "JavaScript", 
  "left": "0", 
  "locked": false, 
  "modal": "false", 
  "onhide": "", 
  "onkeypress": "", 
  "onresize": "", 
  "onshow": "", 
  "openMode": "none", 
  "parentForm": "", 
  "position": "absolute", 
  "script": null, 
  "scroll_options": "mouseWheel:true, bounce:true, zoom:false", 
  "scrolling": "false", 
  "setFocusID": "", 
  "style": "", 
  "theme": "", 
  "top": "0", 
  "width": 320
}